{
    "name": "root",
    "gauges": {
        "Etiolation.Policy.Entropy.mean": {
            "value": 1.567415475845337,
            "min": 1.5653109550476074,
            "max": 1.5815099477767944,
            "count": 47
        },
        "Etiolation.Policy.Entropy.sum": {
            "value": 156551.890625,
            "min": 156017.40625,
            "max": 158362.921875,
            "count": 47
        },
        "Etiolation.Environment.EpisodeLength.mean": {
            "value": 1.4822740814299902,
            "min": 1.3813577458090596,
            "max": 6.996825655217321,
            "count": 47
        },
        "Etiolation.Environment.EpisodeLength.sum": {
            "value": 59706.0,
            "min": 58093.0,
            "max": 85963.0,
            "count": 47
        },
        "Etiolation.Step.mean": {
            "value": 19099999.0,
            "min": 14499950.0,
            "max": 19099999.0,
            "count": 47
        },
        "Etiolation.Step.sum": {
            "value": 19099999.0,
            "min": 14499950.0,
            "max": 19099999.0,
            "count": 47
        },
        "Etiolation.Policy.ExtrinsicValueEstimate.mean": {
            "value": 0.9866490960121155,
            "min": 0.9393582344055176,
            "max": 0.9899155497550964,
            "count": 47
        },
        "Etiolation.Policy.ExtrinsicValueEstimate.sum": {
            "value": 39744.19921875,
            "min": 11540.015625,
            "max": 41558.38671875,
            "count": 47
        },
        "Etiolation.Environment.CumulativeReward.mean": {
            "value": 0.9970011170595614,
            "min": 0.938433209843979,
            "max": 0.9978606077637919,
            "count": 47
        },
        "Etiolation.Environment.CumulativeReward.sum": {
            "value": 40161.19899739325,
            "min": 11528.651982933283,
            "max": 41964.029998898506,
            "count": 47
        },
        "Etiolation.Policy.ExtrinsicReward.mean": {
            "value": 0.9970011170595614,
            "min": 0.938433209843979,
            "max": 0.9978606077637919,
            "count": 47
        },
        "Etiolation.Policy.ExtrinsicReward.sum": {
            "value": 40161.19899739325,
            "min": 11528.651982933283,
            "max": 41964.029998898506,
            "count": 47
        },
        "Etiolation.Losses.PolicyLoss.mean": {
            "value": 0.016423067528691417,
            "min": 0.014433939608764679,
            "max": 0.01907552534903516,
            "count": 47
        },
        "Etiolation.Losses.PolicyLoss.sum": {
            "value": 0.08211533764345708,
            "min": 0.06382068829843776,
            "max": 0.09358333806934145,
            "count": 47
        },
        "Etiolation.Losses.ValueLoss.mean": {
            "value": 0.0049737303098663695,
            "min": 0.0030144259721661603,
            "max": 0.025109280125858884,
            "count": 47
        },
        "Etiolation.Losses.ValueLoss.sum": {
            "value": 0.024868651549331846,
            "min": 0.015072129860830803,
            "max": 0.11300546986361344,
            "count": 47
        },
        "Etiolation.Policy.LearningRate.mean": {
            "value": 0.00010942022952661133,
            "min": 0.00010942022952661133,
            "max": 0.00015546863817713667,
            "count": 47
        },
        "Etiolation.Policy.LearningRate.sum": {
            "value": 0.0005471011476330566,
            "min": 0.0004659899146701101,
            "max": 0.00077272629242465,
            "count": 47
        },
        "Etiolation.Policy.Epsilon.mean": {
            "value": 0.13647338866666664,
            "min": 0.13647338866666664,
            "max": 0.15182286333333334,
            "count": 47
        },
        "Etiolation.Policy.Epsilon.sum": {
            "value": 0.6823669433333333,
            "min": 0.55532989,
            "max": 0.7575753500000001,
            "count": 47
        },
        "Etiolation.Policy.Beta.mean": {
            "value": 0.003653691527800001,
            "min": 0.003653691527800001,
            "max": 0.005187104046999999,
            "count": 47
        },
        "Etiolation.Policy.Beta.sum": {
            "value": 0.018268457639000004,
            "min": 0.015557456011000002,
            "max": 0.025781777465000003,
            "count": 47
        },
        "Etiolation.IsTraining.mean": {
            "value": 1.0,
            "min": 1.0,
            "max": 1.0,
            "count": 47
        },
        "Etiolation.IsTraining.sum": {
            "value": 1.0,
            "min": 1.0,
            "max": 1.0,
            "count": 47
        }
    },
    "metadata": {
        "timer_format_version": "0.1.0",
        "start_time_seconds": "1667091714",
        "python_version": "3.8.13 (default, Mar 28 2022, 06:59:08) [MSC v.1916 64 bit (AMD64)]",
        "command_line_arguments": "C:\\Users\\syala\\anaconda3\\envs\\MLAgents\\Scripts\\mlagents-learn Config/PPO/ppo.yaml --run-id=firstRun --torch-device=cuda:0 --seed=42 --time-scale=1000 --env=F:\\Projects\\AdaptiveSolarTree\\Simulation\\Executable\\MyProject --num-envs=12 --no-graphics --resume",
        "mlagents_version": "0.29.0",
        "mlagents_envs_version": "0.29.0",
        "communication_protocol_version": "1.5.0",
        "pytorch_version": "1.12.1",
        "numpy_version": "1.23.3",
        "end_time_seconds": "1667105911"
    },
    "total": 14197.5986636,
    "count": 1,
    "self": 5.033563700000741,
    "children": {
        "run_training.setup": {
            "total": 0.7661476,
            "count": 1,
            "self": 0.7661476
        },
        "TrainerController.start_learning": {
            "total": 14191.7989523,
            "count": 1,
            "self": 29.659154699991632,
            "children": {
                "TrainerController._reset_env": {
                    "total": 6.619222800000001,
                    "count": 1,
                    "self": 6.619222800000001
                },
                "TrainerController.advance": {
                    "total": 14155.29419200001,
                    "count": 733474,
                    "self": 7.869888000072024,
                    "children": {
                        "env_step": {
                            "total": 14147.424303999938,
                            "count": 733474,
                            "self": 2409.4298208002238,
                            "children": {
                                "SubprocessEnvManager._take_step": {
                                    "total": 11699.325106399616,
                                    "count": 6508990,
                                    "self": 211.35901399885734,
                                    "children": {
                                        "TorchPolicy.evaluate": {
                                            "total": 11487.966092400758,
                                            "count": 4792895,
                                            "self": 2359.9129694032345,
                                            "children": {
                                                "TorchPolicy.sample_actions": {
                                                    "total": 9128.053122997524,
                                                    "count": 4792895,
                                                    "self": 9128.053122997524
                                                }
                                            }
                                        }
                                    }
                                },
                                "workers": {
                                    "total": 38.66937680009786,
                                    "count": 733473,
                                    "self": 0.0,