{
    "name": "root",
    "gauges": {
        "Etiolation.Policy.Entropy.mean": {
            "value": 1.4132637977600098,
            "min": 1.4132637977600098,
            "max": 1.4387565851211548,
            "count": 21
        },
        "Etiolation.Policy.Entropy.sum": {
            "value": 141494.5625,
            "min": 11.474618911743164,
            "max": 143950.46875,
            "count": 21
        },
        "Etiolation.Environment.EpisodeLength.mean": {
            "value": 2.8887851557941415,
            "min": 0.0,
            "max": 4.138467862097313,
            "count": 21
        },
        "Etiolation.Environment.EpisodeLength.sum": {
            "value": 74262.0,
            "min": 0.0,
            "max": 80547.0,
            "count": 21
        },
        "Etiolation.IsTraining.mean": {
            "value": 1.0,
            "min": 1.0,
            "max": 1.0,
            "count": 21
        },
        "Etiolation.IsTraining.sum": {
            "value": 1.0,
            "min": 1.0,
            "max": 1.0,
            "count": 21
        },
        "Etiolation.Step.mean": {
            "value": 4499999.0,
            "min": 2599991.0,
            "max": 4499999.0,
            "count": 20
        },
        "Etiolation.Step.sum": {
            "value": 4499999.0,
            "min": 2599991.0,
            "max": 4499999.0,
            "count": 20
        },
        "Etiolation.Policy.ExtrinsicValueEstimate.mean": {
            "value": 0.9785153865814209,
            "min": 0.9633044004440308,
            "max": 0.9785153865814209,
            "count": 20
        },
        "Etiolation.Policy.ExtrinsicValueEstimate.sum": {
            "value": 25158.609375,
            "min": 18791.390625,
            "max": 25158.609375,
            "count": 20
        },
        "Etiolation.Environment.CumulativeReward.mean": {
            "value": 0.996643343736733,
            "min": 0.9938608634269843,
            "max": 0.9966638459855743,
            "count": 20
        },
        "Etiolation.Environment.CumulativeReward.sum": {
            "value": 25624.697010815144,
            "min": 19350.471010923386,
            "max": 25624.697010815144,
            "count": 20
        },
        "Etiolation.Policy.ExtrinsicReward.mean": {
            "value": 0.996643343736733,
            "min": 0.9938608634269843,
            "max": 0.9966638459855743,
            "count": 20
        },
        "Etiolation.Policy.ExtrinsicReward.sum": {
            "value": 25624.697010815144,
            "min": 19350.471010923386,
            "max": 25624.697010815144,
            "count": 20
        },
        "Etiolation.Losses.PolicyLoss.mean": {
            "value": 0.015626933292902927,
            "min": 0.015080010606955815,
            "max": 0.019336617909284544,
            "count": 20
        },
        "Etiolation.Losses.PolicyLoss.sum": {
            "value": 0.07813466646451464,
            "min": 0.06940442779120228,
            "max": 0.09668308954642271,
            "count": 20
        },
        "Etiolation.Losses.ValueLoss.mean": {
            "value": 0.0019476115074940025,
            "min": 0.0014004914679874975,
            "max": 0.004448817656375468,
            "count": 20
        },
        "Etiolation.Losses.ValueLoss.sum": {
            "value": 0.009738057537470013,
            "min": 0.006559122237376869,
            "max": 0.02224408828187734,
            "count": 20
        },
        "Etiolation.Policy.LearningRate.mean": {
            "value": 0.00025552164882612193,
            "min": 0.00025552164882612193,
            "max": 0.0002744870360043241,
            "count": 20
        },
        "Etiolation.Policy.LearningRate.sum": {
            "value": 0.0012776082441306098,
            "min": 0.0010339755253415098,
            "max": 0.0013678228340590702,
            "count": 20
        },
        "Etiolation.Policy.Epsilon.mean": {
            "value": 0.18517387799999996,
            "min": 0.18517387799999996,
            "max": 0.19149567583333332,
            "count": 20
        },
        "Etiolation.Policy.Epsilon.sum": {
            "value": 0.9258693899999998,
            "min": 0.7446584900000001,
            "max": 0.95594093,
            "count": 20
        },
        "Etiolation.Policy.Beta.mean": {
            "value": 0.0042601765121999995,
            "min": 0.0042601765121999995,
            "max": 0.004575634224083333,
            "count": 20
        },
        "Etiolation.Policy.Beta.sum": {
            "value": 0.021300882560999997,
            "min": 0.017238458651000002,
            "max": 0.022801452406999996,
            "count": 20
        }
    },
    "metadata": {
        "timer_format_version": "0.1.0",
        "start_time_seconds": "1667278336",
        "python_version": "3.8.13 (default, Mar 28 2022, 06:59:08) [MSC v.1916 64 bit (AMD64)]",
        "command_line_arguments": "C:\\Users\\syala\\anaconda3\\envs\\MLAgents\\Scripts\\mlagents-learn Config/PPO/ppo.yaml --run-id=firstRun --torch-device=cuda:0 --seed=42 --time-scale=100 --env=F:\\Projects\\AdaptiveSolarTree\\Simulation\\Executable\\MyProject --num-envs=12 --no-graphics --resume",
        "mlagents_version": "0.29.0",
        "mlagents_envs_version": "0.29.0",
        "communication_protocol_version": "1.5.0",
        "pytorch_version": "1.12.1",
        "numpy_version": "1.23.3",
        "end_time_seconds": "1667283631"
    },
    "total": 5295.0264895,
    "count": 1,
    "self": 10.008534199999303,
    "children": {
        "run_training.setup": {
            "total": 0.8070254999999982,
            "count": 1,
            "self": 0.8070254999999982
        },
        "TrainerController.start_learning": {
            "total": 5284.2109298000005,
            "count": 1,
            "self": 11.740441200064197,
            "children": {
                "TrainerController._reset_env": {
                    "total": 7.594453699999995,
                    "count": 1,
                    "self": 7.594453699999995
                },
                "TrainerController.advance": {
                    "total": 5264.721593399937,
                    "count": 273429,
                    "self": 3.4344247997050843,
                    "children": {
                        "env_step": {
                            "total": 5261.287168600232,
                            "count": 273429,
                            "self": 904.5708262001735,
                            "children": {
                                "SubprocessEnvManager._take_step": {
                                    "total": 4341.536685400105,
                                    "count": 2575344,
                                    "self": 91.77553220002119,
                                    "children": {
                                        "TorchPolicy.evaluate": {
                                            "total": 4249.761153200084,
                                            "count": 2092855,
                                            "self": 851.3518229997403,
                                            "children": {
                                                "TorchPolicy.sample_actions": {
                                                    "total": 3398.4093302003434,
                                                    "count": 2092855,
                                                    "self": 3398.4093302003434
                                                }
                                            }
                                        }
                                    }
                                },
                                "workers": {
                                    "total": 15.179656999953082,
                                    "count": 273428,
                                    "self": 0.0,